"id","city","fx_date","sunrise","sunset","moonrise","moonset","moon_phase","moon_phase_icon","temp_max","temp_min","icon_day","text_day","icon_night","text_night","wind360_day","wind_dir_day","wind_scale_day","wind_speed_day","wind360_night","wind_dir_night","wind_scale_night","wind_speed_night","precip","uv_index","humidity","pressure","vis","cloud","update_time"
241,北京,"2025-07-28","05:10:00","19:33:00","08:36:00","21:34:00",蛾眉月,"801",30,25,"302",雷阵雨,"307",大雨,225,西南风,"1-3",3,270,西风,"1-3",3,2.1,8,89,992,20,40,"2025-07-28 14:52:00"
242,北京,"2025-07-29","05:11:00","19:33:00","09:39:00","21:54:00",蛾眉月,"801",33,24,"302",雷阵雨,"151",多云,270,西风,"1-3",3,45,东北风,"1-3",3,7.8,5,85,994,24,48,"2025-07-28 14:52:00"
243,北京,"2025-07-30","05:11:00","19:32:00","10:40:00","22:13:00",蛾眉月,"801",32,24,"101",多云,"104",阴,90,东风,"1-3",3,45,东北风,"1-3",3,1.0,10,83,995,24,40,"2025-07-28 14:52:00"
244,北京,"2025-07-31","05:12:00","19:31:00","11:40:00","22:34:00",蛾眉月,"801",30,24,"101",多云,"151",多云,135,东南风,"1-3",3,45,东北风,"1-3",3,1.0,5,88,996,24,40,"2025-07-28 14:52:00"
245,北京,"2025-08-01","05:13:00","19:30:00","12:41:00","22:58:00",上弦月,"802",30,24,"104",阴,"104",阴,180,南风,"1-3",3,135,东南风,"1-3",3,0.0,9,69,995,24,25,"2025-07-28 14:52:00"
246,北京,"2025-08-02","05:14:00","19:29:00","13:43:00","23:24:00",盈凸月,"803",32,24,"302",雷阵雨,"151",多云,135,东南风,"1-3",3,135,东南风,"1-3",3,0.0,9,72,992,22,2,"2025-07-28 14:52:00"
247,北京,"2025-08-03","05:15:00","19:27:00","14:45:00","23:59:00",盈凸月,"803",32,24,"101",多云,"302",雷阵雨,225,西南风,"1-3",3,0,北风,"1-3",3,0.3,5,80,995,24,40,"2025-07-28 14:52:00"
248,北京,"2025-08-04","05:16:00","19:26:00","15:46:00","00:00:00",盈凸月,"803",32,23,"305",小雨,"104",阴,135,东南风,"1-3",3,45,东北风,"1-3",3,16.7,9,90,993,20,85,"2025-07-28 14:52:00"
249,北京,"2025-08-05","05:17:00","19:25:00","16:43:00","00:40:00",盈凸月,"803",32,24,"101",多云,"150",晴,180,南风,"1-3",3,45,东北风,"1-3",3,0.0,9,91,993,25,1,"2025-07-28 14:52:00"
250,北京,"2025-08-06","05:18:00","19:24:00","17:34:00","01:29:00",盈凸月,"803",34,25,"104",阴,"104",阴,180,南风,"1-3",3,90,东风,"1-3",3,0.0,9,76,997,24,0,"2025-07-28 14:52:00"
251,北京,"2025-08-07","05:19:00","19:23:00","18:18:00","02:28:00",盈凸月,"803",33,20,"305",小雨,"305",小雨,270,西风,"1-3",3,315,西北风,"1-3",3,0.0,5,82,1000,23,10,"2025-07-28 14:52:00"
252,北京,"2025-08-08","05:20:00","19:22:00","18:55:00","03:34:00",盈凸月,"803",31,18,"101",多云,"151",多云,0,北风,"1-3",3,0,北风,"1-3",3,0.0,9,89,1000,22,15,"2025-07-28 14:52:00"
253,北京,"2025-08-09","05:21:00","19:21:00","19:26:00","04:44:00",满月,"804",30,18,"104",阴,"150",晴,0,北风,"1-3",3,0,北风,"1-3",3,0.6,9,85,999,24,56,"2025-07-28 14:52:00"
254,北京,"2025-08-10","05:22:00","19:19:00","19:54:00","05:55:00",亏凸月,"805",34,20,"101",多云,"104",阴,225,西南风,"1-3",3,225,西南风,"1-3",3,0.0,8,72,997,25,20,"2025-07-28 14:52:00"
255,北京,"2025-08-11","05:23:00","19:18:00","20:19:00","07:06:00",亏凸月,"805",33,24,"101",多云,"302",雷阵雨,180,南风,"1-3",3,180,南风,"1-3",3,0.0,9,88,999,24,6,"2025-08-11 20:18:00"
256,北京,"2025-08-12","05:24:00","19:17:00","20:44:00","08:17:00",亏凸月,"805",31,22,"302",雷阵雨,"306",中雨,90,东风,"1-3",3,0,北风,"1-3",3,5.0,5,94,1003,24,80,"2025-08-11 20:18:00"
257,北京,"2025-08-13","05:25:00","19:16:00","21:08:00","09:29:00",亏凸月,"805",31,23,"302",雷阵雨,"151",多云,225,西南风,"1-3",3,0,北风,"1-3",3,0.0,3,94,1005,24,25,"2025-08-11 20:18:00"
258,北京,"2025-08-14","05:26:00","19:14:00","21:36:00","10:44:00",亏凸月,"805",31,23,"104",阴,"302",雷阵雨,180,南风,"1-3",3,135,东南风,"1-3",3,0.0,9,95,1005,19,25,"2025-08-11 20:18:00"
259,北京,"2025-08-15","05:27:00","19:13:00","22:07:00","12:02:00",亏凸月,"805",31,23,"101",多云,"302",雷阵雨,180,南风,"1-3",3,135,东南风,"1-3",3,0.0,5,91,1002,24,14,"2025-08-11 20:18:00"
260,北京,"2025-08-16","05:28:00","19:12:00","22:46:00","13:19:00",下弦月,"806",31,24,"302",雷阵雨,"302",雷阵雨,180,南风,"1-3",3,180,南风,"1-3",3,4.9,3,92,1002,23,88,"2025-08-11 20:18:00"
261,北京,"2025-08-17","05:29:00","19:10:00","23:34:00","14:37:00",残月,"807",31,24,"302",雷阵雨,"104",阴,180,南风,"1-3",3,180,南风,"1-3",3,1.0,2,95,998,22,55,"2025-08-11 20:18:00"
262,北京,"2025-08-18","05:30:00","19:09:00","00:00:00","15:50:00",残月,"807",30,24,"104",阴,"305",小雨,180,南风,"1-3",3,0,北风,"1-3",3,2.5,2,90,998,25,55,"2025-08-11 20:18:00"
263,北京,"2025-08-19","05:31:00","19:08:00","00:33:00","16:52:00",残月,"807",31,23,"104",阴,"305",小雨,90,东风,"1-3",3,0,北风,"1-3",3,4.6,2,97,996,7,55,"2025-08-11 20:18:00"
264,北京,"2025-08-20","05:31:00","19:06:00","01:40:00","17:41:00",残月,"807",31,23,"305",小雨,"305",小雨,45,东北风,"1-3",3,45,东北风,"1-3",3,0.0,4,97,996,12,10,"2025-08-11 20:18:00"
265,北京,"2025-08-21","05:32:00","19:05:00","02:53:00","18:19:00",残月,"807",28,23,"305",小雨,"305",小雨,180,南风,"1-3",3,0,北风,"1-3",3,22.4,1,81,1005,24,80,"2025-08-11 20:18:00"
266,北京,"2025-08-22","05:33:00","19:03:00","04:05:00","18:51:00",残月,"807",29,19,"104",阴,"104",阴,45,东北风,"1-3",16,135,东南风,"1-3",3,0.0,8,77,1009,24,2,"2025-08-11 20:18:00"
267,北京,"2025-08-23","05:34:00","19:02:00","05:16:00","19:16:00",新月,"800",26,19,"101",多云,"104",阴,180,南风,"1-3",3,180,南风,"1-3",3,5.9,4,90,1008,20,65,"2025-08-11 20:18:00"
268,北京,"2025-08-24","05:35:00","19:00:00","06:23:00","19:38:00",蛾眉月,"801",28,21,"104",阴,"305",小雨,180,南风,"1-3",3,0,北风,"1-3",3,0.6,2,92,1006,16,56,"2025-08-11 20:18:00"
269,北京,"2025-08-25","05:36:00","18:59:00","07:27:00","19:59:00",蛾眉月,"801",23,20,"305",小雨,"104",阴,0,北风,"1-3",3,0,北风,"1-3",3,1.4,2,99,1000,12,55,"2025-08-11 20:18:00"
270,北京,"2025-08-26","05:37:00","18:57:00","08:29:00","20:17:00",蛾眉月,"801",27,21,"302",雷阵雨,"302",雷阵雨,122,东南风,"1-3",7,145,东南风,"1-3",11,11.2,2,91,1003,24,69,"2025-08-11 20:18:00"
271,上海,"2025-07-28","05:09:00","18:54:00","08:21:00","21:10:00",蛾眉月,"801",31,25,"305",小雨,"305",小雨,90,东风,"1-3",16,90,东风,"1-3",3,3.8,5,80,999,24,78,"2025-07-28 14:52:00"
272,上海,"2025-07-29","05:09:00","18:53:00","09:18:00","21:35:00",蛾眉月,"801",29,26,"310",暴雨,"306",中雨,135,东南风,"1-3",16,90,东风,"1-3",16,28.0,3,95,995,4,98,"2025-07-28 14:52:00"
273,上海,"2025-07-30","05:10:00","18:52:00","10:13:00","22:01:00",蛾眉月,"801",29,26,"307",大雨,"307",大雨,135,东南风,"1-3",16,135,东南风,"1-3",16,10.4,6,95,990,12,87,"2025-07-28 14:52:00"
274,上海,"2025-07-31","05:11:00","18:52:00","11:08:00","22:26:00",蛾眉月,"801",31,27,"305",小雨,"305",小雨,135,东南风,"1-3",16,135,东南风,"1-3",16,1.0,11,93,996,24,40,"2025-07-28 14:52:00"
275,上海,"2025-08-01","05:11:00","18:51:00","12:03:00","22:56:00",上弦月,"802",32,28,"305",小雨,"104",阴,135,东南风,"1-3",16,135,东南风,"1-3",16,0.7,9,96,996,23,56,"2025-07-28 14:52:00"
276,上海,"2025-08-02","05:12:00","18:50:00","12:59:00","23:27:00",盈凸月,"803",32,27,"305",小雨,"305",小雨,135,东南风,"1-3",16,90,东风,"1-3",3,2.5,5,91,998,24,41,"2025-07-28 14:52:00"
277,上海,"2025-08-03","05:13:00","18:50:00","13:57:00","00:00:00",盈凸月,"803",33,28,"104",阴,"151",多云,135,东南风,"1-3",3,0,北风,"1-3",3,2.4,8,84,1001,25,43,"2025-07-28 14:52:00"
278,上海,"2025-08-04","05:13:00","18:49:00","14:54:00","00:05:00",盈凸月,"803",34,28,"305",小雨,"151",多云,135,东南风,"1-3",3,180,南风,"1-3",3,0.0,8,81,1001,24,25,"2025-07-28 14:52:00"
279,上海,"2025-08-05","05:14:00","18:48:00","15:50:00","00:50:00",盈凸月,"803",35,28,"100",晴,"104",阴,135,东南风,"1-3",3,225,西南风,"1-3",3,1.8,8,83,1000,25,63,"2025-07-28 14:52:00"
280,上海,"2025-08-06","05:15:00","18:47:00","16:42:00","01:40:00",盈凸月,"803",35,29,"305",小雨,"104",阴,180,南风,"1-3",3,90,东风,"1-3",3,8.5,7,89,1001,24,64,"2025-07-28 14:52:00"
281,上海,"2025-08-07","05:15:00","18:46:00","17:29:00","02:38:00",盈凸月,"803",35,28,"104",阴,"104",阴,90,东风,"1-3",3,90,东风,"1-3",3,8.5,5,91,1001,24,64,"2025-07-28 14:52:00"
282,上海,"2025-08-08","05:16:00","18:45:00","18:11:00","03:39:00",盈凸月,"803",38,29,"104",阴,"104",阴,45,东北风,"1-3",3,90,东风,"1-3",3,7.3,5,95,999,24,61,"2025-07-28 14:52:00"
283,上海,"2025-08-09","05:17:00","18:44:00","18:48:00","04:44:00",满月,"804",37,28,"305",小雨,"305",小雨,90,东风,"1-3",3,0,北风,"1-3",3,0.0,4,95,996,23,25,"2025-07-28 14:52:00"
284,上海,"2025-08-10","05:17:00","18:44:00","19:22:00","05:49:00",亏凸月,"805",33,28,"305",小雨,"305",小雨,0,北风,"1-3",3,270,西风,"1-3",3,12.1,3,96,997,15,65,"2025-07-28 14:52:00"
285,上海,"2025-08-11","05:18:00","18:43:00","19:53:00","06:54:00",亏凸月,"805",35,27,"305",小雨,"305",小雨,45,东北风,"1-3",3,90,东风,"1-3",3,4.1,7,94,1005,24,55,"2025-08-11 20:18:00"
286,上海,"2025-08-12","05:18:00","18:42:00","20:24:00","07:59:00",亏凸月,"805",35,28,"305",小雨,"104",阴,180,南风,"1-3",3,180,南风,"1-3",3,3.3,3,82,1008,24,88,"2025-08-11 20:18:00"
287,上海,"2025-08-13","05:19:00","18:41:00","20:55:00","09:04:00",亏凸月,"805",35,28,"104",阴,"104",阴,180,南风,"1-3",3,180,南风,"1-3",16,0.0,11,83,1011,25,5,"2025-08-11 20:18:00"
288,上海,"2025-08-14","05:20:00","18:40:00","21:29:00","10:11:00",亏凸月,"805",35,28,"104",阴,"104",阴,135,东南风,"1-3",16,180,南风,"1-3",16,0.0,9,82,1011,25,4,"2025-08-11 20:18:00"
289,上海,"2025-08-15","05:20:00","18:39:00","22:07:00","11:21:00",亏凸月,"805",35,27,"101",多云,"104",阴,135,东南风,"1-3",16,135,东南风,"1-3",3,0.0,11,82,1011,25,2,"2025-08-11 20:18:00"
290,上海,"2025-08-16","05:21:00","18:38:00","22:52:00","12:33:00",下弦月,"806",35,27,"104",阴,"104",阴,135,东南风,"1-3",16,135,东南风,"1-3",3,0.0,11,85,1011,25,2,"2025-08-11 20:18:00"
291,上海,"2025-08-17","05:22:00","18:37:00","23:44:00","13:46:00",残月,"807",35,27,"104",阴,"104",阴,135,东南风,"1-3",3,180,南风,"1-3",3,0.0,10,83,1009,25,3,"2025-08-11 20:18:00"
292,上海,"2025-08-18","05:22:00","18:36:00","00:00:00","14:56:00",残月,"807",36,28,"104",阴,"150",晴,135,东南风,"1-3",3,180,南风,"1-3",3,0.0,10,83,1008,25,3,"2025-08-11 20:18:00"
293,上海,"2025-08-19","05:23:00","18:35:00","00:44:00","15:59:00",残月,"807",35,27,"101",多云,"150",晴,135,东南风,"1-3",16,135,东南风,"1-3",3,0.0,10,82,1005,25,2,"2025-08-11 20:18:00"
294,上海,"2025-08-20","05:24:00","18:34:00","01:50:00","16:52:00",残月,"807",35,27,"100",晴,"150",晴,135,东南风,"1-3",16,135,东南风,"1-3",3,0.3,10,72,1004,25,55,"2025-08-11 20:18:00"
295,上海,"2025-08-21","05:24:00","18:32:00","02:58:00","17:35:00",残月,"807",34,27,"100",晴,"151",多云,135,东南风,"3-4",24,135,东南风,"1-3",16,0.0,10,77,1007,25,1,"2025-08-11 20:18:00"
296,上海,"2025-08-22","05:25:00","18:31:00","04:06:00","18:12:00",残月,"807",34,28,"101",多云,"151",多云,135,东南风,"3-4",24,135,东南风,"1-3",16,0.0,10,75,1009,25,1,"2025-08-11 20:18:00"
297,上海,"2025-08-23","05:25:00","18:30:00","05:10:00","18:44:00",新月,"800",34,27,"101",多云,"151",多云,135,东南风,"1-3",16,135,东南风,"1-3",16,0.0,6,81,1011,25,25,"2025-08-11 20:18:00"
298,上海,"2025-08-24","05:26:00","18:29:00","06:11:00","19:12:00",蛾眉月,"801",34,27,"101",多云,"151",多云,135,东南风,"1-3",16,135,东南风,"1-3",16,3.2,10,83,1011,25,65,"2025-08-11 20:18:00"
299,上海,"2025-08-25","05:27:00","18:28:00","07:08:00","19:38:00",蛾眉月,"801",35,26,"100",晴,"150",晴,135,东南风,"1-3",16,135,东南风,"1-3",16,2.2,4,83,1008,25,65,"2025-08-11 20:18:00"
300,上海,"2025-08-26","05:27:00","18:27:00","08:04:00","20:03:00",蛾眉月,"801",31,25,"302",雷阵雨,"350",阵雨,131,东南风,"3-4",26,132,东南风,"3-4",24,2.9,5,81,1008,25,65,"2025-08-11 20:18:00"
301,广州,"2025-07-28","05:56:00","19:12:00","09:00:00","21:41:00",蛾眉月,"801",35,25,"315",中到大雨,"315",中到大雨,0,北风,"1-3",3,0,北风,"1-3",3,15.1,5,81,994,24,92,"2025-07-28 14:52:00"
302,广州,"2025-07-29","05:57:00","19:11:00","09:52:00","22:10:00",蛾眉月,"801",33,25,"315",中到大雨,"302",雷阵雨,0,北风,"1-3",3,0,北风,"1-3",3,5.9,4,78,994,21,78,"2025-07-28 14:52:00"
303,广州,"2025-07-30","05:57:00","19:11:00","10:43:00","22:40:00",蛾眉月,"801",33,26,"302",雷阵雨,"302",雷阵雨,0,北风,"1-3",3,0,北风,"1-3",3,12.0,3,77,994,22,88,"2025-07-28 14:52:00"
304,广州,"2025-07-31","05:58:00","19:10:00","11:34:00","23:10:00",蛾眉月,"801",34,26,"302",雷阵雨,"302",雷阵雨,0,北风,"1-3",3,0,北风,"1-3",3,8.9,12,74,996,24,76,"2025-07-28 14:52:00"
305,广州,"2025-08-01","05:58:00","19:10:00","12:25:00","23:43:00",上弦月,"802",34,26,"302",雷阵雨,"302",雷阵雨,0,北风,"1-3",3,0,北风,"1-3",3,4.2,3,77,997,19,71,"2025-07-28 14:52:00"
306,广州,"2025-08-02","05:58:00","19:09:00","13:17:00","00:00:00",盈凸月,"803",33,25,"302",雷阵雨,"302",雷阵雨,0,北风,"1-3",3,0,北风,"1-3",3,4.5,3,82,999,18,60,"2025-07-28 14:52:00"
307,广州,"2025-08-03","05:59:00","19:09:00","14:11:00","00:19:00",盈凸月,"803",30,26,"307",大雨,"307",大雨,0,北风,"1-3",3,0,北风,"1-3",3,24.1,3,83,1002,21,69,"2025-07-28 14:52:00"
308,广州,"2025-08-04","05:59:00","19:08:00","15:05:00","01:01:00",盈凸月,"803",29,25,"305",小雨,"305",小雨,180,南风,"1-3",3,225,西南风,"1-3",3,21.7,4,73,1002,24,68,"2025-07-28 14:52:00"
309,广州,"2025-08-05","06:00:00","19:08:00","15:59:00","01:47:00",盈凸月,"803",31,26,"305",小雨,"305",小雨,90,东风,"1-3",3,180,南风,"1-3",3,9.8,3,68,1001,25,64,"2025-07-28 14:52:00"
310,广州,"2025-08-06","06:00:00","19:07:00","16:52:00","02:39:00",盈凸月,"803",32,27,"305",小雨,"305",小雨,135,东南风,"1-3",3,180,南风,"1-3",3,1.6,11,70,1001,25,56,"2025-07-28 14:52:00"
311,广州,"2025-08-07","06:01:00","19:06:00","17:42:00","03:34:00",盈凸月,"803",33,27,"305",小雨,"104",阴,180,南风,"1-3",3,180,南风,"1-3",3,1.8,5,71,1002,25,57,"2025-07-28 14:52:00"
312,广州,"2025-08-08","06:01:00","19:06:00","18:27:00","04:34:00",盈凸月,"803",32,27,"104",阴,"104",阴,135,东南风,"1-3",3,180,南风,"1-3",3,2.0,6,71,1000,24,40,"2025-07-28 14:52:00"
313,广州,"2025-08-09","06:01:00","19:05:00","19:08:00","05:34:00",满月,"804",33,27,"305",小雨,"305",小雨,225,西南风,"1-3",3,180,南风,"1-3",3,0.0,5,73,998,22,25,"2025-07-28 14:52:00"
314,广州,"2025-08-10","06:02:00","19:04:00","19:46:00","06:35:00",亏凸月,"805",34,27,"305",小雨,"305",小雨,270,西风,"1-3",3,180,南风,"1-3",3,0.0,4,73,998,23,25,"2025-07-28 14:52:00"
315,广州,"2025-08-11","06:02:00","19:04:00","20:23:00","07:34:00",亏凸月,"805",35,26,"101",多云,"350",阵雨,0,北风,"1-3",3,0,北风,"1-3",3,3.7,6,71,1004,24,80,"2025-08-11 20:18:00"
316,广州,"2025-08-12","06:03:00","19:03:00","20:58:00","08:34:00",亏凸月,"805",35,26,"302",雷阵雨,"350",阵雨,0,北风,"1-3",3,0,北风,"1-3",3,8.4,6,76,1005,24,89,"2025-08-11 20:18:00"
317,广州,"2025-08-13","06:03:00","19:02:00","21:35:00","09:34:00",亏凸月,"805",35,24,"302",雷阵雨,"302",雷阵雨,0,北风,"1-3",3,0,北风,"1-3",3,2.0,12,77,1001,22,80,"2025-08-11 20:18:00"
318,广州,"2025-08-14","06:04:00","19:02:00","22:14:00","10:37:00",亏凸月,"805",29,24,"307",大雨,"307",大雨,180,南风,"1-3",16,0,北风,"1-3",3,15.1,4,89,1005,16,95,"2025-08-11 20:18:00"
319,广州,"2025-08-15","06:04:00","19:01:00","22:57:00","11:42:00",亏凸月,"805",31,24,"307",大雨,"302",雷阵雨,0,北风,"1-3",3,0,北风,"1-3",3,7.6,3,82,1007,24,75,"2025-08-11 20:18:00"
320,广州,"2025-08-16","06:04:00","19:00:00","23:46:00","12:49:00",下弦月,"806",33,26,"302",雷阵雨,"302",雷阵雨,0,北风,"1-3",3,0,北风,"1-3",3,0.7,8,68,1006,24,62,"2025-08-11 20:18:00"
321,广州,"2025-08-17","06:05:00","18:59:00","00:00:00","13:58:00",残月,"807",34,26,"302",雷阵雨,"302",雷阵雨,0,北风,"1-3",3,0,北风,"1-3",3,0.0,11,67,1006,24,25,"2025-08-11 20:18:00"
322,广州,"2025-08-18","06:05:00","18:58:00","00:42:00","15:06:00",残月,"807",34,24,"305",小雨,"151",多云,0,北风,"1-3",3,45,东北风,"1-3",3,2.9,7,66,1002,24,70,"2025-08-11 20:18:00"
323,广州,"2025-08-19","06:05:00","18:58:00","01:43:00","16:08:00",残月,"807",28,24,"305",小雨,"305",小雨,90,东风,"1-3",3,90,东风,"1-3",3,8.3,4,85,1002,10,62,"2025-08-11 20:18:00"
324,广州,"2025-08-20","06:06:00","18:57:00","02:48:00","17:04:00",残月,"807",28,24,"305",小雨,"305",小雨,180,南风,"1-3",3,90,东风,"1-3",3,2.0,6,89,1002,13,55,"2025-08-11 20:18:00"
325,广州,"2025-08-21","06:06:00","18:56:00","03:53:00","17:52:00",残月,"807",26,24,"305",小雨,"305",小雨,180,南风,"1-3",3,135,东南风,"1-3",3,0.7,11,91,1003,13,56,"2025-08-11 20:18:00"
326,广州,"2025-08-22","06:07:00","18:55:00","04:56:00","18:33:00",残月,"807",27,23,"305",小雨,"305",小雨,180,南风,"1-3",3,180,南风,"1-3",3,2.9,10,91,1004,17,75,"2025-08-11 20:18:00"
327,广州,"2025-08-23","06:07:00","18:54:00","05:56:00","19:09:00",新月,"800",23,22,"305",小雨,"305",小雨,135,东南风,"1-3",3,45,东北风,"1-3",3,1.4,3,92,1005,24,62,"2025-08-11 20:18:00"
328,广州,"2025-08-24","06:07:00","18:53:00","06:52:00","19:41:00",蛾眉月,"801",24,22,"305",小雨,"305",小雨,45,东北风,"1-3",3,45,东北风,"1-3",3,0.0,11,91,1004,24,20,"2025-08-11 20:18:00"
329,广州,"2025-08-25","06:08:00","18:53:00","07:45:00","20:11:00",蛾眉月,"801",25,22,"305",小雨,"305",小雨,90,东风,"1-3",3,45,东北风,"1-3",3,0.0,11,77,1003,24,25,"2025-08-11 20:18:00"
330,广州,"2025-08-26","06:08:00","18:52:00","08:37:00","20:41:00",蛾眉月,"801",33,25,"101",多云,"153",晴间多云,52,东北风,"1-3",13,78,东北风,"1-3",6,5.3,4,71,1003,24,58,"2025-08-11 20:18:00"
331,深圳,"2025-07-28","05:54:00","19:08:00","08:57:00","21:37:00",蛾眉月,"801",32,26,"300",阵雨,"350",阵雨,0,北风,"1-3",3,0,北风,"1-3",3,14.2,5,84,987,24,90,"2025-07-28 14:52:00"
332,深圳,"2025-07-29","05:54:00","19:07:00","09:49:00","22:07:00",蛾眉月,"801",32,26,"306",中雨,"307",大雨,0,北风,"1-3",3,0,北风,"1-3",3,10.9,3,84,987,24,94,"2025-07-28 14:52:00"
333,深圳,"2025-07-30","05:55:00","19:07:00","10:40:00","22:37:00",蛾眉月,"801",32,26,"307",大雨,"350",阵雨,0,北风,"1-3",3,0,北风,"1-3",3,22.5,3,88,988,24,97,"2025-07-28 14:52:00"
334,深圳,"2025-07-31","05:55:00","19:06:00","11:30:00","23:08:00",蛾眉月,"801",30,26,"300",阵雨,"350",阵雨,0,北风,"1-3",3,0,北风,"1-3",3,3.8,6,87,990,24,70,"2025-07-28 14:52:00"
335,深圳,"2025-08-01","05:56:00","19:06:00","12:20:00","23:41:00",上弦月,"802",32,27,"300",阵雨,"151",多云,0,北风,"1-3",3,0,北风,"1-3",3,9.7,11,87,991,21,84,"2025-07-28 14:52:00"
336,深圳,"2025-08-02","05:56:00","19:05:00","13:12:00","00:00:00",盈凸月,"803",32,27,"300",阵雨,"350",阵雨,0,北风,"1-3",3,225,西南风,"1-3",16,21.2,5,84,993,24,74,"2025-07-28 14:52:00"
337,深圳,"2025-08-03","05:57:00","19:05:00","14:06:00","00:17:00",盈凸月,"803",30,26,"104",阴,"310",暴雨,0,北风,"1-3",3,0,北风,"1-3",3,26.1,4,83,995,23,70,"2025-07-28 14:52:00"
338,深圳,"2025-08-04","05:57:00","19:04:00","15:00:00","00:59:00",盈凸月,"803",30,27,"305",小雨,"305",小雨,180,南风,"1-3",3,225,西南风,"1-3",3,21.5,2,86,996,24,72,"2025-07-28 14:52:00"
339,深圳,"2025-08-05","05:57:00","19:03:00","15:55:00","01:45:00",盈凸月,"803",30,27,"305",小雨,"305",小雨,180,南风,"1-3",3,225,西南风,"1-3",3,15.2,3,87,995,25,72,"2025-07-28 14:52:00"
340,深圳,"2025-08-06","05:58:00","19:03:00","16:48:00","02:37:00",盈凸月,"803",30,28,"305",小雨,"305",小雨,180,南风,"1-3",3,180,南风,"1-3",3,2.2,7,87,995,22,55,"2025-07-28 14:52:00"
341,深圳,"2025-08-07","05:58:00","19:02:00","17:37:00","03:33:00",盈凸月,"803",31,28,"305",小雨,"305",小雨,180,南风,"1-3",16,180,南风,"1-3",3,0.4,5,87,996,24,43,"2025-07-28 14:52:00"
342,深圳,"2025-08-08","05:59:00","19:02:00","18:22:00","04:32:00",盈凸月,"803",31,28,"305",小雨,"305",小雨,180,南风,"1-3",3,225,西南风,"1-3",3,0.3,6,87,994,24,41,"2025-07-28 14:52:00"
343,深圳,"2025-08-09","05:59:00","19:01:00","19:03:00","05:32:00",满月,"804",30,27,"305",小雨,"305",小雨,225,西南风,"1-3",16,225,西南风,"1-3",3,0.0,3,88,992,22,25,"2025-07-28 14:52:00"
344,深圳,"2025-08-10","05:59:00","19:00:00","19:43:00","06:32:00",亏凸月,"805",30,27,"305",小雨,"305",小雨,225,西南风,"1-3",16,180,南风,"1-3",3,0.0,3,83,992,18,25,"2025-07-28 14:52:00"
345,深圳,"2025-08-11","06:00:00","19:00:00","20:19:00","07:31:00",亏凸月,"805",33,27,"300",阵雨,"350",阵雨,0,北风,"1-3",3,0,北风,"1-3",3,10.1,6,86,997,23,100,"2025-08-11 20:18:00"
346,深圳,"2025-08-12","06:00:00","18:59:00","20:55:00","08:31:00",亏凸月,"805",33,27,"300",阵雨,"150",晴,0,北风,"1-3",3,0,北风,"1-3",3,7.6,5,86,999,24,75,"2025-08-11 20:18:00"
347,深圳,"2025-08-13","06:01:00","18:58:00","21:32:00","09:31:00",亏凸月,"805",33,27,"300",阵雨,"350",阵雨,0,北风,"1-3",3,225,西南风,"1-3",16,6.0,7,83,995,22,69,"2025-08-11 20:18:00"
348,深圳,"2025-08-14","06:01:00","18:58:00","22:11:00","10:33:00",亏凸月,"805",30,26,"300",阵雨,"350",阵雨,225,西南风,"1-3",16,0,北风,"1-3",3,17.3,2,83,999,24,96,"2025-08-11 20:18:00"
349,深圳,"2025-08-15","06:01:00","18:57:00","22:55:00","11:37:00",亏凸月,"805",31,26,"300",阵雨,"350",阵雨,0,北风,"1-3",3,0,北风,"1-3",3,4.8,3,81,1000,24,74,"2025-08-11 20:18:00"
350,深圳,"2025-08-16","06:02:00","18:56:00","23:44:00","12:45:00",下弦月,"806",33,27,"300",阵雨,"350",阵雨,0,北风,"1-3",3,0,北风,"1-3",3,1.5,9,80,1000,25,68,"2025-08-11 20:18:00"
351,深圳,"2025-08-17","06:02:00","18:55:00","00:00:00","13:53:00",残月,"807",32,26,"300",阵雨,"350",阵雨,0,北风,"1-3",3,0,北风,"1-3",3,2.1,12,82,999,24,61,"2025-08-11 20:18:00"
352,深圳,"2025-08-18","06:03:00","18:55:00","00:40:00","15:01:00",残月,"807",31,25,"305",小雨,"305",小雨,0,北风,"1-3",3,90,东风,"1-3",3,6.7,4,80,995,20,62,"2025-08-11 20:18:00"
353,深圳,"2025-08-19","06:03:00","18:54:00","01:41:00","16:03:00",残月,"807",29,26,"305",小雨,"305",小雨,90,东风,"1-3",3,90,东风,"1-3",3,3.1,3,93,996,7,62,"2025-08-11 20:18:00"
354,深圳,"2025-08-20","06:03:00","18:53:00","02:46:00","16:59:00",残月,"807",28,25,"305",小雨,"305",小雨,90,东风,"1-3",3,90,东风,"1-3",3,1.3,10,92,996,9,59,"2025-08-11 20:18:00"
355,深圳,"2025-08-21","06:04:00","18:52:00","03:51:00","17:47:00",残月,"807",27,25,"305",小雨,"305",小雨,180,南风,"1-3",3,225,西南风,"1-3",3,0.5,12,92,997,18,55,"2025-08-11 20:18:00"
356,深圳,"2025-08-22","06:04:00","18:51:00","04:54:00","18:28:00",残月,"807",26,24,"305",小雨,"305",小雨,180,南风,"1-3",3,135,东南风,"1-3",3,0.4,10,90,998,20,55,"2025-08-11 20:18:00"
357,深圳,"2025-08-23","06:04:00","18:50:00","05:53:00","19:05:00",新月,"800",25,23,"305",小雨,"305",小雨,180,南风,"1-3",3,45,东北风,"1-3",3,1.0,11,94,997,13,41,"2025-08-11 20:18:00"
358,深圳,"2025-08-24","06:05:00","18:50:00","06:49:00","19:37:00",蛾眉月,"801",25,23,"305",小雨,"305",小雨,45,东北风,"1-3",16,90,东风,"3-4",24,0.7,11,88,996,24,41,"2025-08-11 20:18:00"
359,深圳,"2025-08-25","06:05:00","18:49:00","07:42:00","20:08:00",蛾眉月,"801",25,23,"305",小雨,"305",小雨,90,东风,"3-4",24,90,东风,"1-3",16,1.3,11,77,995,24,61,"2025-08-11 20:18:00"
360,深圳,"2025-08-26","06:05:00","18:48:00","08:33:00","20:38:00",蛾眉月,"801",33,27,"103",晴间多云,"151",多云,55,东北风,"1-3",7,98,东风,"1-3",15,2.5,5,81,996,22,57,"2025-08-11 20:18:00"
377,北京,"2025-08-27","05:38:00","18:56:00","09:30:00","20:38:00",蛾眉月,"801",28,21,"302",雷阵雨,"350",阵雨,235,西南风,"1-3",6,217,西南风,"1-3",7,6.3,2,67,1005,25,65,"2025-08-11 20:18:00"
378,北京,"2025-08-28","05:39:00","18:54:00","10:31:00","21:01:00",蛾眉月,"801",30,21,"101",多云,"151",多云,45,东北风,"1-3",7,342,西北风,"1-3",9,0.0,3,90,1003,19,25,"2025-08-11 20:18:00"
379,北京,"2025-08-29","05:40:00","18:53:00","11:33:00","21:26:00",蛾眉月,"801",26,18,"305",小雨,"305",小雨,353,北风,"1-3",15,165,东南风,"1-3",11,10.3,2,89,1001,19,64,"2025-08-11 20:18:00"
380,北京,"2025-08-30","05:41:00","18:51:00","12:35:00","21:58:00",蛾眉月,"801",26,17,"101",多云,"153",晴间多云,340,西北风,"1-3",4,276,西风,"1-3",6,0.0,2,89,1003,18,25,"2025-08-11 20:18:00"
381,北京,"2025-08-31","05:42:00","18:50:00","13:36:00","22:35:00",上弦月,"802",25,16,"100",晴,"150",晴,281,西风,"1-3",7,230,西南风,"1-3",7,0.0,7,89,1003,20,10,"2025-08-11 20:18:00"
382,北京,"2025-09-01","05:43:00","18:48:00","14:35:00","23:22:00",盈凸月,"803",26,16,"100",晴,"150",晴,323,西北风,"1-3",4,286,西北风,"1-3",6,0.0,7,89,1004,21,10,"2025-08-11 20:18:00"
383,北京,"2025-09-02","05:44:00","18:47:00","15:28:00","00:00:00",盈凸月,"803",28,17,"100",晴,"150",晴,338,西北风,"1-3",17,292,西北风,"1-3",7,0.0,7,91,1000,20,20,"2025-08-11 20:18:00"
384,北京,"2025-09-03","05:45:00","18:45:00","16:14:00","00:17:00",盈凸月,"803",27,16,"100",晴,"150",晴,27,东北风,"1-3",7,79,东风,"1-3",7,0.0,7,89,1001,20,5,"2025-08-11 20:18:00"
385,北京,"2025-09-04","05:46:00","18:43:00","16:53:00","01:20:00",盈凸月,"803",26,17,"101",多云,"151",多云,35,东北风,"1-3",7,93,东风,"1-3",7,0.0,7,88,1003,19,25,"2025-08-11 20:18:00"
386,北京,"2025-09-05","05:47:00","18:42:00","17:26:00","02:28:00",盈凸月,"803",26,18,"300",阵雨,"151",多云,100,东风,"1-3",15,117,东南风,"1-3",15,1.1,1,88,1001,21,58,"2025-08-11 20:18:00"
387,北京,"2025-09-06","05:48:00","18:40:00","17:55:00","03:38:00",盈凸月,"803",25,18,"101",多云,"350",阵雨,121,东南风,"1-3",15,159,东南风,"1-3",15,0.0,3,91,1001,21,25,"2025-08-11 20:18:00"
388,北京,"2025-09-07","05:48:00","18:39:00","18:21:00","04:50:00",盈凸月,"803",25,17,"302",雷阵雨,"350",阵雨,162,东南风,"1-3",15,95,东风,"1-3",15,3.0,2,89,1002,19,65,"2025-08-11 20:18:00"
389,北京,"2025-09-08","05:49:00","18:37:00","18:45:00","06:01:00",满月,"804",25,17,"102",少云,"150",晴,321,西北风,"1-3",4,127,东南风,"1-3",6,0.0,6,89,1003,22,20,"2025-08-11 20:18:00"
390,北京,"2025-09-09","05:50:00","18:35:00","19:09:00","07:12:00",亏凸月,"805",25,16,"103",晴间多云,"350",阵雨,43,东北风,"1-3",4,42,东北风,"1-3",4,0.0,3,90,1001,20,25,"2025-08-11 20:18:00"
467,上海,"2025-08-27","05:28:00","18:26:00","08:59:00","20:29:00",蛾眉月,"801",31,25,"103",晴间多云,"153",晴间多云,139,东南风,"3-4",26,129,东南风,"3-4",24,1.9,10,50,1008,25,55,"2025-08-11 20:18:00"
468,上海,"2025-08-28","05:28:00","18:24:00","09:55:00","20:57:00",蛾眉月,"801",31,25,"102",少云,"150",晴,136,东南风,"3-4",20,135,东南风,"3-4",20,0.0,9,79,1009,24,25,"2025-08-11 20:18:00"
469,上海,"2025-08-29","05:29:00","18:23:00","10:51:00","21:27:00",蛾眉月,"801",31,25,"102",少云,"151",多云,156,东南风,"1-3",17,153,东南风,"1-3",19,0.0,9,79,1006,24,20,"2025-08-11 20:18:00"
470,上海,"2025-08-30","05:30:00","18:22:00","11:48:00","22:03:00",蛾眉月,"801",31,25,"302",雷阵雨,"302",雷阵雨,160,东南风,"1-3",9,68,东北风,"1-3",7,5.7,2,81,1009,24,65,"2025-08-11 20:18:00"
471,上海,"2025-08-31","05:30:00","18:21:00","12:46:00","22:45:00",上弦月,"802",30,25,"302",雷阵雨,"151",多云,343,西北风,"1-3",6,348,西北风,"1-3",9,13.4,3,78,1006,25,70,"2025-08-11 20:18:00"
472,上海,"2025-09-01","05:31:00","18:20:00","13:42:00","23:33:00",盈凸月,"803",30,25,"302",雷阵雨,"302",雷阵雨,21,东北风,"1-3",13,47,东北风,"1-3",11,1.2,3,79,1008,24,61,"2025-08-11 20:18:00"
473,上海,"2025-09-02","05:31:00","18:18:00","14:35:00","00:00:00",盈凸月,"803",29,23,"302",雷阵雨,"302",雷阵雨,44,东北风,"3-4",26,41,东北风,"3-4",26,9.0,2,80,1009,24,65,"2025-08-11 20:18:00"
474,上海,"2025-09-03","05:32:00","18:17:00","15:24:00","00:28:00",盈凸月,"803",27,23,"302",雷阵雨,"151",多云,50,东北风,"1-3",19,35,东北风,"1-3",17,13.4,2,81,1008,25,70,"2025-08-11 20:18:00"
475,上海,"2025-09-04","05:33:00","18:16:00","16:07:00","01:27:00",盈凸月,"803",27,22,"300",阵雨,"150",晴,20,东北风,"4-5",32,35,东北风,"4-5",30,1.4,2,80,1006,25,59,"2025-08-11 20:18:00"
476,上海,"2025-09-05","05:33:00","18:15:00","16:46:00","02:31:00",盈凸月,"803",27,21,"101",多云,"151",多云,33,东北风,"3-4",28,12,东北风,"3-4",26,0.0,9,80,1010,25,20,"2025-08-11 20:18:00"
477,上海,"2025-09-06","05:34:00","18:13:00","17:20:00","03:35:00",盈凸月,"803",28,21,"101",多云,"153",晴间多云,17,东北风,"1-3",13,62,东北风,"1-3",13,0.0,2,81,1009,24,25,"2025-08-11 20:18:00"
478,上海,"2025-09-07","05:34:00","18:12:00","17:52:00","04:40:00",盈凸月,"803",28,21,"103",晴间多云,"151",多云,170,南风,"1-3",17,148,东南风,"1-3",19,0.0,5,80,1010,25,25,"2025-08-11 20:18:00"
479,上海,"2025-09-08","05:35:00","18:11:00","18:23:00","05:44:00",满月,"804",29,22,"103",晴间多云,"153",晴间多云,262,西风,"4-5",30,330,西北风,"4-5",30,3.1,3,80,1007,25,56,"2025-08-11 20:18:00"
480,上海,"2025-09-09","05:35:00","18:10:00","18:54:00","06:49:00",亏凸月,"805",28,22,"100",晴,"153",晴间多云,316,西北风,"1-3",19,357,北风,"1-3",17,0.0,8,78,1009,25,20,"2025-08-11 20:18:00"
497,广州,"2025-08-27","06:08:00","18:51:00","09:27:00","21:11:00",蛾眉月,"801",33,25,"302",雷阵雨,"302",雷阵雨,49,东北风,"1-3",6,95,东风,"1-3",6,8.4,2,55,1003,25,60,"2025-08-11 20:18:00"
498,广州,"2025-08-28","06:09:00","18:50:00","10:18:00","21:43:00",蛾眉月,"801",32,25,"103",晴间多云,"350",阵雨,42,东北风,"1-3",7,47,东北风,"1-3",7,0.0,11,77,1003,19,25,"2025-08-11 20:18:00"
499,广州,"2025-08-29","06:09:00","18:49:00","11:10:00","22:18:00",蛾眉月,"801",32,25,"103",晴间多云,"350",阵雨,54,东北风,"3-4",20,76,东北风,"1-3",19,0.0,10,78,1005,22,25,"2025-08-11 20:18:00"
500,广州,"2025-08-30","06:09:00","18:48:00","12:03:00","22:57:00",蛾眉月,"801",32,25,"302",雷阵雨,"350",阵雨,67,东北风,"3-4",20,84,东风,"3-4",20,1.2,7,79,1003,20,61,"2025-08-11 20:18:00"
501,广州,"2025-08-31","06:10:00","18:47:00","12:57:00","23:41:00",上弦月,"802",32,25,"302",雷阵雨,"350",阵雨,82,东风,"3-4",20,79,东风,"1-3",19,2.5,3,79,1005,21,65,"2025-08-11 20:18:00"
502,广州,"2025-09-01","06:10:00","18:46:00","13:52:00","00:00:00",盈凸月,"803",31,26,"101",多云,"302",雷阵雨,68,东北风,"1-3",15,84,东风,"1-3",11,1.3,3,79,1005,19,41,"2025-08-11 20:18:00"
503,广州,"2025-09-02","06:10:00","18:45:00","14:45:00","00:31:00",盈凸月,"803",31,25,"103",晴间多云,"151",多云,37,东北风,"1-3",6,104,东南风,"1-3",4,2.1,11,79,1005,18,55,"2025-08-11 20:18:00"
504,广州,"2025-09-03","06:11:00","18:44:00","15:36:00","01:25:00",盈凸月,"803",32,25,"103",晴间多云,"350",阵雨,30,东北风,"1-3",4,88,东风,"1-3",7,0.6,7,78,1004,19,40,"2025-08-11 20:18:00"
505,广州,"2025-09-04","06:11:00","18:43:00","16:22:00","02:23:00",盈凸月,"803",32,24,"302",雷阵雨,"302",雷阵雨,40,东北风,"1-3",7,55,东北风,"1-3",7,1.7,4,77,1002,21,64,"2025-08-11 20:18:00"
506,广州,"2025-09-05","06:11:00","18:42:00","17:03:00","03:22:00",盈凸月,"803",32,25,"302",雷阵雨,"151",多云,41,东北风,"1-3",7,90,东风,"1-3",11,1.5,5,77,1003,20,62,"2025-08-11 20:18:00"
507,广州,"2025-09-06","06:12:00","18:41:00","17:43:00","04:23:00",盈凸月,"803",31,25,"300",阵雨,"302",雷阵雨,75,东北风,"1-3",17,101,东风,"1-3",15,0.7,7,77,1002,22,56,"2025-08-11 20:18:00"
508,广州,"2025-09-07","06:12:00","18:40:00","18:20:00","05:22:00",盈凸月,"803",31,24,"103",晴间多云,"153",晴间多云,72,东北风,"1-3",7,92,东风,"1-3",7,0.9,5,76,1005,19,58,"2025-08-11 20:18:00"
509,广州,"2025-09-08","06:12:00","18:39:00","18:55:00","06:22:00",满月,"804",32,25,"100",晴,"153",晴间多云,14,东北风,"1-3",6,36,东北风,"1-3",11,0.9,10,76,1004,19,40,"2025-08-11 20:18:00"
510,广州,"2025-09-09","06:12:00","18:38:00","19:31:00","07:21:00",亏凸月,"805",32,25,"102",少云,"350",阵雨,29,东北风,"3-4",20,66,东北风,"1-3",19,0.6,10,80,1004,22,39,"2025-08-11 20:18:00"
527,深圳,"2025-08-27","06:06:00","18:47:00","09:23:00","21:08:00",蛾眉月,"801",33,27,"302",雷阵雨,"151",多云,60,东北风,"3-4",20,94,东风,"3-4",20,2.1,4,76,996,23,64,"2025-08-11 20:18:00"
528,深圳,"2025-08-28","06:06:00","18:46:00","10:14:00","21:40:00",蛾眉月,"801",32,27,"103",晴间多云,"302",雷阵雨,82,东风,"3-4",24,80,东风,"3-4",20,2.6,11,84,997,19,58,"2025-08-11 20:18:00"
529,深圳,"2025-08-29","06:06:00","18:45:00","11:05:00","22:15:00",蛾眉月,"801",32,27,"302",雷阵雨,"151",多云,79,东风,"4-5",32,86,东风,"4-5",30,5.5,4,84,995,18,65,"2025-08-11 20:18:00"
530,深圳,"2025-08-30","06:07:00","18:44:00","11:58:00","22:55:00",蛾眉月,"801",31,26,"302",雷阵雨,"302",雷阵雨,84,东风,"4-5",32,93,东风,"4-5",30,8.2,3,86,997,18,62,"2025-08-11 20:18:00"
531,深圳,"2025-08-31","06:07:00","18:43:00","12:53:00","23:39:00",上弦月,"802",31,27,"302",雷阵雨,"302",雷阵雨,102,东南风,"3-4",28,98,东风,"3-4",28,8.2,2,85,995,21,60,"2025-08-11 20:18:00"
532,深圳,"2025-09-01","06:07:00","18:42:00","13:47:00","00:00:00",盈凸月,"803",31,27,"302",雷阵雨,"302",雷阵雨,94,东风,"3-4",20,89,东风,"1-3",19,4.9,4,86,998,21,65,"2025-08-11 20:18:00"
533,深圳,"2025-09-02","06:07:00","18:41:00","14:41:00","00:29:00",盈凸月,"803",32,27,"300",阵雨,"151",多云,84,东风,"3-4",20,99,东风,"1-3",13,7.5,11,85,997,22,58,"2025-08-11 20:18:00"
534,深圳,"2025-09-03","06:08:00","18:41:00","15:31:00","01:23:00",盈凸月,"803",32,27,"302",雷阵雨,"350",阵雨,54,东北风,"1-3",7,44,东北风,"1-3",4,1.5,4,85,995,19,63,"2025-08-11 20:18:00"
535,深圳,"2025-09-04","06:08:00","18:40:00","16:17:00","02:21:00",盈凸月,"803",32,26,"302",雷阵雨,"302",雷阵雨,63,东北风,"1-3",15,70,东北风,"1-3",11,3.1,3,86,995,19,65,"2025-08-11 20:18:00"
536,深圳,"2025-09-05","06:08:00","18:39:00","16:59:00","03:20:00",盈凸月,"803",32,26,"302",雷阵雨,"302",雷阵雨,61,东北风,"3-4",20,77,东北风,"3-4",20,2.9,4,85,997,18,65,"2025-08-11 20:18:00"
537,深圳,"2025-09-06","06:09:00","18:38:00","17:39:00","04:20:00",盈凸月,"803",31,26,"101",多云,"302",雷阵雨,82,东风,"3-4",28,98,东风,"3-4",26,1.9,3,85,994,20,41,"2025-08-11 20:18:00"
538,深圳,"2025-09-07","06:09:00","18:37:00","18:16:00","05:19:00",盈凸月,"803",31,26,"302",雷阵雨,"153",晴间多云,90,东风,"3-4",22,99,东风,"3-4",20,2.3,3,83,998,21,65,"2025-08-11 20:18:00"
539,深圳,"2025-09-08","06:09:00","18:36:00","18:52:00","06:18:00",满月,"804",32,26,"102",少云,"302",雷阵雨,77,东北风,"1-3",17,72,东北风,"1-3",13,1.4,11,86,996,21,55,"2025-08-11 20:18:00"
540,深圳,"2025-09-09","06:09:00","18:35:00","19:28:00","07:18:00",亏凸月,"805",32,27,"302",雷阵雨,"302",雷阵雨,68,东北风,"3-4",24,81,东风,"3-4",22,2.0,3,85,998,21,64,"2025-08-11 20:18:00"
541,北京,"2025-11-25","07:11:00","16:53:00","11:23:00","20:55:00",蛾眉月,"801",7,-2,"100",晴,"151",多云,225,西南风,"1-3",3,0,北风,"1-3",3,0.0,2,37,1014,25,0,"2025-11-25 15:36:00"
542,北京,"2025-11-26","07:12:00","16:53:00","11:55:00","22:03:00",蛾眉月,"801",8,-1,"101",多云,"151",多云,225,西南风,"1-3",3,0,北风,"1-3",16,0.0,2,25,1018,25,1,"2025-11-25 15:36:00"
543,北京,"2025-11-27","07:13:00","16:53:00","12:25:00","23:12:00",蛾眉月,"801",6,-2,"100",晴,"151",多云,225,西南风,"1-3",3,0,北风,"1-3",3,0.0,2,32,1010,25,0,"2025-11-25 15:36:00"
544,北京,"2025-11-28","07:14:00","16:52:00","12:50:00","00:00:00",上弦月,"802",8,-1,"100",晴,"150",晴,0,北风,"1-3",3,0,北风,"1-3",3,0.0,2,33,1006,25,0,"2025-11-25 15:36:00"
545,北京,"2025-11-29","07:15:00","16:52:00","13:14:00","00:22:00",盈凸月,"803",10,0,"100",晴,"151",多云,0,北风,"1-3",3,0,北风,"1-3",3,0.0,2,38,1011,25,0,"2025-11-25 15:36:00"
546,北京,"2025-11-30","07:16:00","16:52:00","13:38:00","01:32:00",盈凸月,"803",7,-2,"100",晴,"150",晴,315,西北风,"1-3",3,135,东南风,"1-3",3,0.0,2,18,1020,25,1,"2025-11-25 15:36:00"
547,北京,"2025-12-01","07:17:00","16:51:00","14:03:00","02:45:00",盈凸月,"803",4,-2,"100",晴,"150",晴,180,南风,"1-3",3,0,北风,"1-3",3,0.0,2,24,1012,25,0,"2025-11-25 15:36:00"
548,北京,"2025-12-02","07:18:00","16:51:00","14:33:00","04:00:00",盈凸月,"803",3,-5,"100",晴,"150",晴,315,西北风,"1-3",16,225,西南风,"1-3",3,0.0,2,27,1016,25,0,"2025-11-25 15:36:00"
549,北京,"2025-12-03","07:19:00","16:51:00","15:06:00","05:16:00",盈凸月,"803",5,-4,"104",阴,"104",阴,45,东北风,"1-3",3,270,西风,"1-3",3,0.0,2,26,1019,25,0,"2025-11-25 15:36:00"
550,北京,"2025-12-04","07:20:00","16:51:00","15:49:00","06:35:00",盈凸月,"803",5,-3,"101",多云,"150",晴,315,西北风,"1-3",3,315,西北风,"1-3",3,0.0,2,33,1022,25,0,"2025-11-25 15:36:00"
551,北京,"2025-12-05","07:21:00","16:50:00","16:41:00","07:51:00",满月,"804",10,0,"100",晴,"150",晴,315,西北风,"1-3",3,315,西北风,"1-3",3,0.0,2,36,1018,25,0,"2025-11-25 15:36:00"
552,北京,"2025-12-06","07:22:00","16:50:00","17:45:00","09:01:00",亏凸月,"805",10,0,"100",晴,"150",晴,270,西风,"1-3",3,0,北风,"1-3",3,0.0,2,36,1016,25,0,"2025-11-25 15:36:00"
553,北京,"2025-12-07","07:23:00","16:50:00","18:55:00","09:58:00",亏凸月,"805",9,-1,"101",多云,"150",晴,180,南风,"1-3",3,0,北风,"1-3",3,0.0,2,37,1012,25,13,"2025-11-25 15:36:00"
554,北京,"2025-12-08","07:24:00","16:50:00","20:10:00","10:44:00",亏凸月,"805",8,-3,"100",晴,"150",晴,315,西北风,"1-3",16,0,北风,"1-3",3,0.0,2,33,1008,25,8,"2025-11-25 15:36:00"
555,北京,"2025-12-09","07:25:00","16:50:00","21:24:00","11:19:00",亏凸月,"805",5,-4,"100",晴,"104",阴,225,西南风,"1-3",3,270,西风,"1-3",3,0.0,2,54,1016,25,9,"2025-11-25 15:36:00"
556,北京,"2025-12-10","07:26:00","16:50:00","22:35:00","11:49:00",亏凸月,"805",5,-4,"101",多云,"150",晴,94,东风,"1-3",4,13,东北风,"1-3",6,0.0,1,77,1019,11,21,"2025-11-25 15:36:00"
557,北京,"2025-12-11","07:26:00","16:50:00","23:42:00","12:13:00",亏凸月,"805",3,-4,"102",少云,"151",多云,22,东北风,"1-3",6,47,东北风,"1-3",6,0.0,2,83,1020,19,8,"2025-11-25 15:36:00"
558,北京,"2025-12-12","07:27:00","16:50:00","00:00:00","12:35:00",下弦月,"806",5,-4,"103",晴间多云,"150",晴,343,西北风,"4-5",30,358,北风,"4-5",30,0.0,1,38,1013,24,16,"2025-11-25 15:36:00"
559,北京,"2025-12-13","07:28:00","16:51:00","00:47:00","12:55:00",残月,"807",5,-6,"100",晴,"150",晴,130,东南风,"1-3",4,310,西北风,"3-4",24,0.0,2,39,1015,24,4,"2025-11-25 15:36:00"
560,北京,"2025-12-14","07:29:00","16:51:00","01:49:00","13:15:00",残月,"807",3,-6,"100",晴,"150",晴,299,西北风,"3-4",20,102,东南风,"3-4",20,0.0,2,38,1014,25,2,"2025-11-25 15:36:00"
561,北京,"2025-12-15","07:29:00","16:51:00","02:51:00","13:37:00",残月,"807",3,-6,"100",晴,"150",晴,31,东北风,"1-3",6,79,东风,"1-3",6,0.0,2,38,1016,25,3,"2025-11-25 15:36:00"
562,北京,"2025-12-16","07:30:00","16:51:00","03:53:00","14:02:00",残月,"807",5,-3,"101",多云,"151",多云,50,东北风,"1-3",4,56,东北风,"1-3",4,0.0,1,39,1014,25,22,"2025-11-25 15:36:00"
563,北京,"2025-12-17","07:31:00","16:52:00","04:55:00","14:31:00",残月,"807",2,-3,"103",晴间多云,"153",晴间多云,45,东北风,"1-3",4,71,东北风,"1-3",4,0.0,1,38,1013,24,18,"2025-11-25 15:36:00"
564,北京,"2025-12-18","07:31:00","16:52:00","05:56:00","15:06:00",残月,"807",5,-4,"100",晴,"150",晴,322,西北风,"5-6",44,352,北风,"5-6",44,0.0,2,40,1013,24,4,"2025-11-25 15:36:00"
565,北京,"2025-12-19","07:32:00","16:52:00","06:56:00","15:48:00",残月,"807",4,-5,"102",少云,"151",多云,109,东南风,"1-3",17,64,东北风,"1-3",17,0.0,2,39,1014,25,3,"2025-11-25 15:36:00"
566,北京,"2025-12-20","07:33:00","16:53:00","07:51:00","16:39:00",新月,"800",3,-4,"101",多云,"151",多云,6,北风,"1-3",7,84,东风,"1-3",7,0.0,1,39,1015,25,12,"2025-11-25 15:36:00"
567,北京,"2025-12-21","07:33:00","16:53:00","08:40:00","17:37:00",蛾眉月,"801",5,-4,"101",多云,"151",多云,119,东南风,"1-3",2,202,西南风,"1-3",4,0.0,1,39,1016,24,19,"2025-11-25 15:36:00"
568,北京,"2025-12-22","07:34:00","16:54:00","09:20:00","18:42:00",蛾眉月,"801",1,-6,"103",晴间多云,"150",晴,299,西北风,"1-3",2,84,东风,"1-3",2,0.0,2,39,1013,22,0,"2025-11-25 15:36:00"
569,北京,"2025-12-23","07:34:00","16:54:00","09:55:00","19:49:00",蛾眉月,"801",1,-5,"100",晴,"151",多云,89,东风,"1-3",6,67,东北风,"1-3",6,0.0,2,38,1016,23,1,"2025-11-25 15:36:00"
570,北京,"2025-12-24","07:34:00","16:55:00","10:25:00","20:58:00",蛾眉月,"801",2,-5,"405",雨雪天气,"151",多云,102,东南风,"1-3",6,131,东南风,"1-3",6,2.8,1,40,1015,24,71,"2025-11-25 15:36:00"
571,上海,"2025-11-25","06:31:00","16:53:00","10:37:00","20:58:00",蛾眉月,"801",14,4,"100",晴,"150",晴,315,西北风,"1-3",16,315,西北风,"1-3",3,0.0,3,31,1026,25,0,"2025-11-25 15:36:00"
572,上海,"2025-11-26","06:32:00","16:53:00","11:14:00","22:01:00",蛾眉月,"801",15,6,"100",晴,"151",多云,180,南风,"1-3",3,270,西风,"1-3",16,0.0,3,26,1024,25,0,"2025-11-25 15:36:00"
573,上海,"2025-11-27","06:32:00","16:53:00","11:49:00","23:04:00",蛾眉月,"801",13,4,"100",晴,"150",晴,315,西北风,"1-3",16,315,西北风,"1-3",3,0.0,3,25,1023,25,0,"2025-11-25 15:36:00"
574,上海,"2025-11-28","06:33:00","16:53:00","12:21:00","00:00:00",上弦月,"802",14,8,"100",晴,"150",晴,135,东南风,"1-3",3,180,南风,"1-3",3,0.0,3,55,1018,25,0,"2025-11-25 15:36:00"
575,上海,"2025-11-29","06:34:00","16:53:00","12:51:00","00:07:00",盈凸月,"803",19,8,"100",晴,"150",晴,270,西风,"1-3",16,315,西北风,"1-3",3,0.0,3,74,1015,25,0,"2025-11-25 15:36:00"
576,上海,"2025-11-30","06:35:00","16:52:00","13:21:00","01:10:00",盈凸月,"803",16,8,"100",晴,"150",晴,135,东南风,"1-3",3,135,东南风,"1-3",3,0.0,3,47,1021,25,0,"2025-11-25 15:36:00"
577,上海,"2025-12-01","06:36:00","16:52:00","13:53:00","02:15:00",盈凸月,"803",16,12,"104",阴,"151",多云,180,南风,"1-3",16,180,南风,"1-3",3,0.0,3,58,1019,25,0,"2025-11-25 15:36:00"
578,上海,"2025-12-02","06:37:00","16:52:00","14:29:00","03:23:00",盈凸月,"803",16,4,"101",多云,"305",小雨,315,西北风,"1-3",16,0,北风,"1-3",3,0.0,3,42,1024,25,3,"2025-11-25 15:36:00"
579,上海,"2025-12-03","06:37:00","16:52:00","15:08:00","04:34:00",盈凸月,"803",11,3,"101",多云,"150",晴,225,西南风,"1-3",3,0,北风,"1-3",3,0.0,1,28,1025,25,25,"2025-11-25 15:36:00"
580,上海,"2025-12-04","06:38:00","16:52:00","15:56:00","05:46:00",盈凸月,"803",12,5,"100",晴,"151",多云,45,东北风,"1-3",3,0,北风,"1-3",16,0.4,1,25,1029,25,55,"2025-11-25 15:36:00"
581,上海,"2025-12-05","06:39:00","16:52:00","16:52:00","06:59:00",满月,"804",11,6,"104",阴,"104",阴,315,西北风,"1-3",3,270,西风,"1-3",3,0.0,3,47,1028,25,0,"2025-11-25 15:36:00"
582,上海,"2025-12-06","06:40:00","16:52:00","17:55:00","08:06:00",亏凸月,"805",13,7,"100",晴,"151",多云,315,西北风,"1-3",3,0,北风,"1-3",3,0.0,3,65,1023,25,3,"2025-11-25 15:36:00"
583,上海,"2025-12-07","06:40:00","16:52:00","19:04:00","09:06:00",亏凸月,"805",13,8,"100",晴,"104",阴,90,东风,"1-3",3,135,东南风,"1-3",3,0.0,3,85,1019,17,5,"2025-11-25 15:36:00"
584,上海,"2025-12-08","06:41:00","16:52:00","20:14:00","09:57:00",亏凸月,"805",15,7,"101",多云,"150",晴,180,南风,"1-3",3,315,西北风,"1-3",3,0.0,3,73,1018,25,19,"2025-11-25 15:36:00"
585,上海,"2025-12-09","06:42:00","16:53:00","21:21:00","10:38:00",亏凸月,"805",14,7,"101",多云,"150",晴,45,东北风,"1-3",3,45,东北风,"1-3",3,0.0,3,75,1020,25,10,"2025-11-25 15:36:00"
586,上海,"2025-12-10","06:43:00","16:53:00","22:26:00","11:13:00",亏凸月,"805",11,2,"100",晴,"150",晴,350,北风,"3-4",26,12,东北风,"3-4",26,0.0,3,82,1016,25,19,"2025-11-25 15:36:00"
587,上海,"2025-12-11","06:43:00","16:53:00","23:27:00","11:44:00",亏凸月,"805",12,2,"101",多云,"151",多云,10,北风,"1-3",19,52,东北风,"1-3",15,0.0,3,84,1017,25,20,"2025-11-25 15:36:00"
588,上海,"2025-12-12","06:44:00","16:53:00","00:00:00","12:11:00",下弦月,"806",13,6,"101",多云,"151",多云,51,东北风,"1-3",13,48,东北风,"1-3",11,0.0,1,55,1021,24,25,"2025-11-25 15:36:00"
589,上海,"2025-12-13","06:45:00","16:53:00","00:25:00","12:38:00",残月,"807",14,5,"103",晴间多云,"150",晴,344,西北风,"3-4",20,357,北风,"1-3",19,0.0,3,53,1022,23,25,"2025-11-25 15:36:00"
590,上海,"2025-12-14","06:45:00","16:54:00","01:22:00","13:04:00",残月,"807",13,2,"100",晴,"150",晴,345,西北风,"3-4",20,34,东北风,"1-3",19,0.0,3,55,1022,22,5,"2025-11-25 15:36:00"
591,上海,"2025-12-15","06:46:00","16:54:00","02:18:00","13:31:00",残月,"807",11,1,"100",晴,"150",晴,167,东南风,"1-3",15,171,南风,"1-3",15,0.0,3,55,1021,25,20,"2025-11-25 15:36:00"
592,上海,"2025-12-16","06:47:00","16:54:00","03:14:00","14:01:00",残月,"807",13,4,"100",晴,"150",晴,224,西南风,"3-4",22,220,西南风,"3-4",20,0.0,3,52,1020,23,20,"2025-11-25 15:36:00"
593,上海,"2025-12-17","06:47:00","16:55:00","04:11:00","14:35:00",残月,"807",14,5,"101",多云,"150",晴,197,西南风,"1-3",17,176,南风,"1-3",19,0.0,1,52,1021,23,25,"2025-11-25 15:36:00"
594,上海,"2025-12-18","06:48:00","16:55:00","05:08:00","15:13:00",残月,"807",14,6,"100",晴,"150",晴,230,西南风,"3-4",28,317,西北风,"3-4",26,0.0,3,55,1020,23,20,"2025-11-25 15:36:00"
595,上海,"2025-12-19","06:48:00","16:55:00","06:04:00","15:59:00",残月,"807",14,6,"100",晴,"150",晴,54,东北风,"3-4",26,102,东南风,"3-4",22,0.0,3,56,1023,23,20,"2025-11-25 15:36:00"
596,上海,"2025-12-20","06:49:00","16:56:00","06:58:00","16:50:00",新月,"800",13,6,"103",晴间多云,"150",晴,150,东南风,"3-4",26,152,东南风,"3-4",24,0.0,2,52,1022,25,20,"2025-11-25 15:36:00"
597,上海,"2025-12-21","06:49:00","16:56:00","07:48:00","17:46:00",蛾眉月,"801",14,7,"101",多云,"153",晴间多云,164,东南风,"4-5",30,171,南风,"3-4",28,0.0,1,55,1021,24,25,"2025-11-25 15:36:00"
598,上海,"2025-12-22","06:50:00","16:57:00","08:33:00","18:46:00",蛾眉月,"801",14,5,"300",阵雨,"151",多云,267,西风,"4-5",33,313,西北风,"4-5",32,2.0,1,54,1019,25,55,"2025-11-25 15:36:00"
599,上海,"2025-12-23","06:50:00","16:57:00","09:12:00","19:48:00",蛾眉月,"801",12,5,"101",多云,"350",阵雨,325,西北风,"1-3",19,2,北风,"1-3",15,0.0,1,54,1023,23,25,"2025-11-25 15:36:00"
600,上海,"2025-12-24","06:51:00","16:58:00","09:48:00","20:51:00",蛾眉月,"801",11,5,"300",阵雨,"305",小雨,3,北风,"1-3",13,353,北风,"1-3",19,0.8,1,56,1022,24,56,"2025-11-25 15:36:00"
601,广州,"2025-11-25","06:48:00","17:42:00","10:51:00","21:50:00",蛾眉月,"801",23,11,"100",晴,"150",晴,0,北风,"1-3",16,0,北风,"1-3",3,0.0,4,38,1019,25,0,"2025-11-25 15:36:00"
602,广州,"2025-11-26","06:49:00","17:41:00","11:33:00","22:49:00",蛾眉月,"801",23,12,"100",晴,"150",晴,0,北风,"1-3",3,0,北风,"3-4",24,0.0,4,37,1021,25,0,"2025-11-25 15:36:00"
603,广州,"2025-11-27","06:49:00","17:41:00","12:11:00","23:47:00",蛾眉月,"801",22,11,"100",晴,"150",晴,0,北风,"1-3",16,0,北风,"1-3",3,0.0,2,34,1018,25,0,"2025-11-25 15:36:00"
604,广州,"2025-11-28","06:50:00","17:41:00","12:48:00","00:00:00",上弦月,"802",22,11,"100",晴,"150",晴,0,北风,"1-3",3,0,北风,"1-3",3,0.0,4,26,1015,25,0,"2025-11-25 15:36:00"
605,广州,"2025-11-29","06:51:00","17:41:00","13:22:00","00:46:00",盈凸月,"803",23,12,"100",晴,"150",晴,0,北风,"1-3",3,0,北风,"1-3",3,0.0,4,25,1013,25,0,"2025-11-25 15:36:00"
606,广州,"2025-11-30","06:51:00","17:41:00","13:57:00","01:44:00",盈凸月,"803",24,13,"100",晴,"150",晴,0,北风,"1-3",3,0,北风,"1-3",3,1.4,3,36,1012,25,60,"2025-11-25 15:36:00"
607,广州,"2025-12-01","06:52:00","17:41:00","14:35:00","02:45:00",盈凸月,"803",20,16,"104",阴,"104",阴,0,北风,"1-3",3,0,北风,"1-3",3,0.0,3,52,1013,25,2,"2025-11-25 15:36:00"
608,广州,"2025-12-02","06:53:00","17:42:00","15:15:00","03:47:00",盈凸月,"803",21,16,"101",多云,"151",多云,90,东风,"1-3",3,45,东北风,"1-3",3,0.0,3,38,1016,25,25,"2025-11-25 15:36:00"
609,广州,"2025-12-03","06:53:00","17:42:00","15:59:00","04:53:00",盈凸月,"803",18,14,"104",阴,"151",多云,135,东南风,"1-3",3,135,东南风,"1-3",16,0.0,1,36,1019,25,25,"2025-11-25 15:36:00"
610,广州,"2025-12-04","06:54:00","17:42:00","16:52:00","06:01:00",盈凸月,"803",20,13,"104",阴,"104",阴,180,南风,"1-3",3,0,北风,"1-3",16,0.0,4,26,1021,25,7,"2025-11-25 15:36:00"
611,广州,"2025-12-05","06:55:00","17:42:00","17:50:00","07:09:00",满月,"804",21,13,"104",阴,"104",阴,0,北风,"1-3",3,0,北风,"1-3",3,0.0,4,51,1021,25,8,"2025-11-25 15:36:00"
612,广州,"2025-12-06","06:55:00","17:42:00","18:54:00","08:15:00",亏凸月,"805",21,14,"101",多云,"104",阴,0,北风,"1-3",3,45,东北风,"1-3",3,0.0,4,57,1018,25,9,"2025-11-25 15:36:00"
613,广州,"2025-12-07","06:56:00","17:42:00","20:00:00","09:16:00",亏凸月,"805",22,15,"101",多云,"150",晴,0,北风,"1-3",3,45,东北风,"1-3",3,0.0,4,65,1015,25,20,"2025-11-25 15:36:00"
614,广州,"2025-12-08","06:57:00","17:42:00","21:06:00","10:10:00",亏凸月,"805",23,14,"100",晴,"150",晴,0,北风,"1-3",3,0,北风,"1-3",3,0.0,4,55,1013,25,5,"2025-11-25 15:36:00"
615,广州,"2025-12-09","06:57:00","17:43:00","22:10:00","10:56:00",亏凸月,"805",23,15,"100",晴,"104",阴,0,北风,"1-3",3,135,东南风,"1-3",3,0.0,4,63,1013,25,20,"2025-11-25 15:36:00"
616,广州,"2025-12-10","06:58:00","17:43:00","23:09:00","11:35:00",亏凸月,"805",21,10,"100",晴,"150",晴,23,东北风,"3-4",22,19,东北风,"3-4",20,0.0,4,62,1014,24,5,"2025-11-25 15:36:00"
617,广州,"2025-12-11","06:59:00","17:43:00","00:00:00","12:11:00",亏凸月,"805",20,10,"100",晴,"150",晴,13,东北风,"1-3",19,10,北风,"1-3",17,0.0,4,65,1016,25,20,"2025-11-25 15:36:00"
618,广州,"2025-12-12","06:59:00","17:43:00","00:05:00","12:43:00",下弦月,"806",21,10,"100",晴,"150",晴,8,北风,"1-3",17,360,北风,"1-3",17,0.0,4,45,1014,23,20,"2025-11-25 15:36:00"
619,广州,"2025-12-13","07:00:00","17:44:00","00:58:00","13:13:00",残月,"807",21,11,"100",晴,"150",晴,9,北风,"3-4",28,13,东北风,"3-4",26,0.0,4,46,1016,23,10,"2025-11-25 15:36:00"
620,广州,"2025-12-14","07:00:00","17:44:00","01:51:00","13:44:00",残月,"807",22,11,"100",晴,"150",晴,18,东北风,"3-4",22,14,东北风,"3-4",20,0.0,4,46,1017,23,20,"2025-11-25 15:36:00"
621,广州,"2025-12-15","07:01:00","17:44:00","02:43:00","14:15:00",残月,"807",21,10,"100",晴,"150",晴,22,东北风,"1-3",13,12,东北风,"1-3",6,0.0,4,45,1014,25,20,"2025-11-25 15:36:00"
622,广州,"2025-12-16","07:02:00","17:45:00","03:35:00","14:50:00",残月,"807",21,9,"100",晴,"150",晴,21,东北风,"1-3",6,44,东北风,"1-3",4,0.0,4,44,1015,25,20,"2025-11-25 15:36:00"
623,广州,"2025-12-17","07:02:00","17:45:00","04:28:00","15:27:00",残月,"807",22,10,"100",晴,"150",晴,29,东北风,"1-3",6,43,东北风,"1-3",2,0.0,4,45,1016,25,5,"2025-11-25 15:36:00"
624,广州,"2025-12-18","07:03:00","17:46:00","05:21:00","16:09:00",残月,"807",23,12,"100",晴,"150",晴,37,东北风,"1-3",6,114,东南风,"1-3",4,0.0,4,44,1016,24,10,"2025-11-25 15:36:00"
625,广州,"2025-12-19","07:03:00","17:46:00","06:16:00","16:56:00",残月,"807",23,14,"102",少云,"150",晴,96,东风,"1-3",6,142,东南风,"1-3",7,0.0,2,46,1014,24,20,"2025-11-25 15:36:00"
626,广州,"2025-12-20","07:04:00","17:46:00","07:08:00","17:47:00",新月,"800",22,13,"103",晴间多云,"150",晴,112,东南风,"1-3",15,147,东南风,"1-3",17,0.0,3,46,1015,25,25,"2025-11-25 15:36:00"
627,广州,"2025-12-21","07:04:00","17:47:00","07:58:00","18:42:00",蛾眉月,"801",23,14,"101",多云,"153",晴间多云,129,东南风,"3-4",24,150,东南风,"3-4",22,0.0,2,45,1015,23,25,"2025-11-25 15:36:00"
628,广州,"2025-12-22","07:05:00","17:47:00","08:46:00","19:40:00",蛾眉月,"801",23,14,"101",多云,"150",晴,123,东南风,"1-3",7,145,东南风,"1-3",6,0.0,1,45,1017,23,25,"2025-11-25 15:36:00"
629,广州,"2025-12-23","07:05:00","17:48:00","09:29:00","20:38:00",蛾眉月,"801",22,13,"101",多云,"153",晴间多云,36,东北风,"1-3",6,117,东南风,"1-3",4,0.0,3,43,1017,24,25,"2025-11-25 15:36:00"
630,广州,"2025-12-24","07:06:00","17:48:00","10:08:00","21:36:00",蛾眉月,"801",23,14,"101",多云,"350",阵雨,112,东南风,"1-3",7,142,东南风,"1-3",7,0.0,2,44,1015,24,25,"2025-11-25 15:36:00"
631,深圳,"2025-11-25","06:44:00","17:39:00","10:46:00","21:48:00",蛾眉月,"801",24,16,"100",晴,"150",晴,0,北风,"1-3",3,0,北风,"1-3",3,0.0,5,40,1011,25,0,"2025-11-25 15:36:00"
632,深圳,"2025-11-26","06:44:00","17:39:00","11:28:00","22:46:00",蛾眉月,"801",23,16,"100",晴,"150",晴,0,北风,"1-3",3,0,北风,"1-3",3,0.0,3,31,1012,25,0,"2025-11-25 15:36:00"
633,深圳,"2025-11-27","06:45:00","17:39:00","12:07:00","23:44:00",蛾眉月,"801",24,14,"100",晴,"150",晴,0,北风,"1-3",3,0,北风,"1-3",3,0.0,2,29,1010,25,0,"2025-11-25 15:36:00"
634,深圳,"2025-11-28","06:46:00","17:39:00","12:44:00","00:00:00",上弦月,"802",21,14,"100",晴,"150",晴,0,北风,"1-3",3,0,北风,"1-3",3,0.0,2,58,1007,25,0,"2025-11-25 15:36:00"
635,深圳,"2025-11-29","06:46:00","17:39:00","13:19:00","00:43:00",盈凸月,"803",24,15,"101",多云,"151",多云,0,北风,"1-3",3,0,北风,"1-3",3,0.0,4,63,1006,25,1,"2025-11-25 15:36:00"
636,深圳,"2025-11-30","06:47:00","17:39:00","13:54:00","01:41:00",盈凸月,"803",24,16,"101",多云,"151",多云,0,北风,"1-3",3,0,北风,"1-3",3,0.5,4,43,1005,25,55,"2025-11-25 15:36:00"
637,深圳,"2025-12-01","06:48:00","17:39:00","14:32:00","02:41:00",盈凸月,"803",24,15,"104",阴,"104",阴,0,北风,"1-3",3,0,北风,"1-3",3,0.0,4,70,1007,25,25,"2025-11-25 15:36:00"
638,深圳,"2025-12-02","06:48:00","17:39:00","15:12:00","03:43:00",盈凸月,"803",23,17,"101",多云,"151",多云,45,东北风,"1-3",3,45,东北风,"1-3",3,0.0,3,43,1008,25,18,"2025-11-25 15:36:00"
639,深圳,"2025-12-03","06:49:00","17:40:00","15:57:00","04:48:00",盈凸月,"803",21,16,"101",多云,"104",阴,45,东北风,"1-3",3,45,东北风,"1-3",3,0.0,3,71,1011,25,25,"2025-11-25 15:36:00"
640,深圳,"2025-12-04","06:50:00","17:40:00","16:50:00","05:56:00",盈凸月,"803",21,15,"104",阴,"104",阴,135,东南风,"1-3",3,45,东北风,"1-3",16,0.0,4,66,1014,25,2,"2025-11-25 15:36:00"
641,深圳,"2025-12-05","06:50:00","17:40:00","17:48:00","07:05:00",满月,"804",22,17,"104",阴,"104",阴,45,东北风,"1-3",3,45,东北风,"1-3",3,0.0,4,66,1014,25,5,"2025-11-25 15:36:00"
642,深圳,"2025-12-06","06:51:00","17:40:00","18:52:00","08:11:00",亏凸月,"805",21,17,"104",阴,"104",阴,45,东北风,"1-3",3,45,东北风,"1-3",3,0.0,4,74,1011,25,6,"2025-11-25 15:36:00"
643,深圳,"2025-12-07","06:52:00","17:40:00","19:58:00","09:11:00",亏凸月,"805",21,16,"101",多云,"151",多云,180,南风,"1-3",3,90,东风,"1-3",3,0.0,2,83,1008,25,25,"2025-11-25 15:36:00"
644,深圳,"2025-12-08","06:52:00","17:40:00","21:04:00","10:05:00",亏凸月,"805",23,16,"100",晴,"150",晴,135,东南风,"1-3",3,90,东风,"1-3",3,0.0,4,71,1006,25,5,"2025-11-25 15:36:00"
645,深圳,"2025-12-09","06:53:00","17:41:00","22:07:00","10:52:00",亏凸月,"805",23,15,"101",多云,"104",阴,180,南风,"1-3",3,90,东风,"1-3",3,0.0,4,82,1006,25,10,"2025-11-25 15:36:00"
646,深圳,"2025-12-10","06:54:00","17:41:00","23:06:00","11:31:00",亏凸月,"805",21,13,"100",晴,"150",晴,34,东北风,"3-4",24,40,东北风,"3-4",22,0.0,4,78,1007,25,5,"2025-11-25 15:36:00"
647,深圳,"2025-12-11","06:54:00","17:41:00","00:00:00","12:07:00",亏凸月,"805",20,13,"100",晴,"150",晴,24,东北风,"3-4",24,38,东北风,"1-3",19,0.0,4,77,1008,25,20,"2025-11-25 15:36:00"
648,深圳,"2025-12-12","06:55:00","17:41:00","00:02:00","12:40:00",下弦月,"806",21,14,"100",晴,"150",晴,33,东北风,"1-3",19,15,东北风,"1-3",17,0.0,4,63,1010,25,20,"2025-11-25 15:36:00"
649,深圳,"2025-12-13","06:55:00","17:42:00","00:55:00","13:10:00",残月,"807",22,15,"102",少云,"150",晴,19,东北风,"3-4",26,17,东北风,"3-4",22,0.0,4,59,1009,25,20,"2025-11-25 15:36:00"
650,深圳,"2025-12-14","06:56:00","17:42:00","01:47:00","13:41:00",残月,"807",23,14,"100",晴,"150",晴,24,东北风,"3-4",28,36,东北风,"3-4",20,0.0,4,60,1010,25,20,"2025-11-25 15:36:00"
651,深圳,"2025-12-15","06:57:00","17:42:00","02:39:00","14:13:00",残月,"807",22,13,"100",晴,"150",晴,39,东北风,"3-4",20,87,东风,"1-3",17,0.0,4,63,1009,25,20,"2025-11-25 15:36:00"
652,深圳,"2025-12-16","06:57:00","17:43:00","03:30:00","14:48:00",残月,"807",21,13,"100",晴,"150",晴,58,东北风,"1-3",15,89,东风,"1-3",15,0.0,4,60,1007,25,5,"2025-11-25 15:36:00"
653,深圳,"2025-12-17","06:58:00","17:43:00","04:23:00","15:25:00",残月,"807",22,14,"102",少云,"150",晴,59,东北风,"1-3",15,90,东风,"1-3",11,0.0,4,59,1009,25,20,"2025-11-25 15:36:00"
654,深圳,"2025-12-18","06:58:00","17:44:00","05:17:00","16:07:00",残月,"807",23,16,"103",晴间多云,"150",晴,82,东风,"1-3",6,114,东南风,"1-3",11,0.0,2,61,1010,25,25,"2025-11-25 15:36:00"
655,深圳,"2025-12-19","06:59:00","17:44:00","06:11:00","16:54:00",残月,"807",23,16,"101",多云,"150",晴,74,东北风,"1-3",17,105,东南风,"1-3",17,0.0,1,63,1010,25,25,"2025-11-25 15:36:00"
656,深圳,"2025-12-20","06:59:00","17:44:00","07:03:00","17:45:00",新月,"800",23,16,"103",晴间多云,"150",晴,92,东风,"3-4",22,106,东南风,"3-4",22,0.0,2,59,1007,25,25,"2025-11-25 15:36:00"
657,深圳,"2025-12-21","07:00:00","17:45:00","07:54:00","18:41:00",蛾眉月,"801",23,17,"101",多云,"153",晴间多云,102,东南风,"4-5",30,104,东南风,"3-4",26,0.0,2,62,1008,25,25,"2025-11-25 15:36:00"
658,深圳,"2025-12-22","07:00:00","17:45:00","08:41:00","19:38:00",蛾眉月,"801",23,17,"101",多云,"153",晴间多云,93,东风,"1-3",13,119,东南风,"1-3",7,0.0,2,59,1009,25,25,"2025-11-25 15:36:00"
659,深圳,"2025-12-23","07:01:00","17:46:00","09:24:00","20:36:00",蛾眉月,"801",23,16,"101",多云,"153",晴间多云,109,东南风,"1-3",7,127,东南风,"1-3",13,0.0,1,61,1010,25,25,"2025-11-25 15:36:00"
660,深圳,"2025-12-24","07:01:00","17:46:00","10:04:00","21:33:00",蛾眉月,"801",23,17,"300",阵雨,"153",晴间多云,96,东风,"1-3",19,111,东南风,"1-3",19,0.7,1,61,1010,25,55,"2025-11-25 15:36:00"
